Form Name,Form Header or Image File  ,Font Color,Execute After Data Record Deletion  
AEPAPDocActionComnt,Workflow Document Action Comment,,
AEPAPInbox,Document Inbox,,
AEPAPOutbox,Document Outbox,,
AEPBusinessPanel,Buyer Business Panel,,
AEPBusinessPanelBuyer,AEP Business Panel,,
AEPBusinessPanelEditOffer,Search for Purchase Offers In Preparation,,
AEPCATCatalog,Catalog Edition,,
AEPCATSearchProduct,Search Product,,
AEPCATViewCatalog,Detalhes do Catálogo,,
AEPCATViewItem,Product Details,,
AEPCOMEventCreation,Copy COM Events,,
AEPCOMEventRemoval,Remove Site COM Events,,
AEPCompareOffers,Compare Offers,,
AEPCreatePR,Create New Purchase Requisitions,8 - black,
AEPErrView,Error View,,
AEPEventCopy,Copy AEP Event,,
AEPFinalMappingAggreg,Select the Purchase Requisition Line Items,8 - black,
AEPFlowchartBuyer,,,
AEPFrank2,,,
AEPFrankTeste,Frank Teste,,
AEPNegRAMoveToRFQ,Move to another RFQ,,
AEPNegReverseAuction,Reverse Auction Main Form,8 - black,
AEPOfferSortFilterGroup,"Offer Sorting, Filtering and Grouping",,
AEPPRLineSortFilterGroup,"Requisition Line Item Sorting, Filtering and Grouping",,
AEPPRSortFilterGroup,"Requisition Sorting, Filtering and Grouping",,
AEPRABidders,AEPRABidders,,
AEPRADPERoom,AEPRADPERoom,,
AEPRALotByStatus,Lot By Status,,
AEPRARFQByStatus,RFQ By Status,,
AEPRARFQChoose,Create/Select RFQ,,
AEPSBPTeste,Supplier Business Panel Teste,,
AEPSBPTeste2,Supplier Business Panel,,
AEPSearchCustomerOrder,,,
AEPSearchPurchaseOrder,,,
AEPSearchRequisition,,,
AEPSellerBusinessPanel,Supplier Business Panel,,
AEPSupplierSelection,Supplier Selection,,
AEPTESTE,,,
AEPTestCatalogItemUI,Test View Catalog,,
AEPTestCatalogUI,Test View Catalog,,
AEPTestMenu,Test for Menu,,
BUINDASHBOARD,Dashboard  ,,
COMBuild,AlphaLinc Suite Builder,,
COMDCMDisplayQueue,Display Event Queue,,
COMDCMRunManager,,,
COMDCMStampLocation,Setup Events based upon a Template,,
COMDesignDoc,System Structure Documentation,,
COMHCResultShow,Health Check Result,,
COMHCResultShowR,Health Check Result,,
COMHCResultShowSFD,Health Check Result,,
COMHCResultShowTFDS,Health Check Result,,
COMHelpText,Help Text,,
COMHousekeeping,System Housekeeping,8 - black,
COMINTQUESTMF,Quest Masterfile Update,,
COMINTQUESTTRANS,Quest Transaction Integration,,
COMScheduleSetup,Schedule Setup,,
COMSwatch,,,
COMTAXLoad,Tax File Load,,
COMUPGDetail,Upgrade Handler - Component Selection,,
COMUPGHeader,Upgrade Handler,,
COMViewSearch,Search,,
CSTMatrixAudit,,,
CSTMatrixStart,Account Identification Matrix,,
DISCLOYALTYSEAR,Search Loyalty Setups,,
FINAPFCAdjust,Foreign Currency Adjustment,,
FINAPInvLineVariance,,,
FINAPInvLineVariance2,,,
FINAPInvLineVariance3,,,
FINAPInvPost,Invoice Match Posting,,
FINAPNettWithAR,Nett AP with AR,,
FINAPNettWithARManual,Manually Nett AP with AR,,
FINAPPaymentCopy,Copy Supplier Payment,,
FINAPUserSessionDate,User Session Date,,
FINAPVoucherCopy,Copy Supplier Voucher,,
FINAPVoucherLoad,Voucher Loading,,
FINFunctionCalls,Function Calls,,
FINGLAccountBalance,Account Child Balances,,
FINGLBS,Balance Sheet,,
FINGLBankReconOutstanding,Show Bank Account Status,,
FINGLBankReconShowMatch,Bank Reconciliation Match Show,,
FINGLFCAdjust,Foreign Currency Adjustment,,
FINGLPL,Profit And Loss,,
FINGLProfileCodeCopy,Profile Code Location Copy,,
FINHealthCheck,HealthCheck,,
FINHelpText,Show Help Text,,
FININT,Interface Status,,
FININTBatchListing,Interface Batch Listing,,
FINInvGroupSearch,Invoice Group Post,,
FINSYSParameter,Application and System Parameter Links,,
FINSYSStructure,Financial Database Structure,,
INAB,Print Order Confirmations,,
INAB1,Print Order Confirmations,,
INANFRAGE2,Create Order From Quote,,
INANGANF,Print Inquiries,,
INANGANF1,Enter Supplies ,,
INANGANZ,Edit Quotations/Requests  ,,
INANGARTSUCH,Search For Items  ,,
INANGAUF,Create Order from Supply,,
INANGBANZ,Edit Open Offers/Inquiries,,
INANGBOT1,Process Supplies ,,
INANGBRIEF,Create Manual Letters,,
INANGEBOT1,Process Supplies,,
INANGGOEIMPORT,Get Data From Preliminary Cost  ,,
INANGGOENACHFD,Print Automatic Inquiries  ,,
INANGGOENEU,Edit Offers,8 - black,
INANGGOEPCOPY,Copy Offer Item  ,,
INANGGOETEILIM,Take Data From Preliminary Cost  ,,
INANGGOEWERKIM,Take Data From Preliminary Cost  ,,
INANGKALK,Quote Calculation,,
INANGKDLIST,List All Open Offers  ,,
INANGNEU,Create New Offer/Inquiry,8 - black,
INANGREFSTA,Print Rejected Offers  ,,
INANGSORTI,Categories  ,8 - black,
INANGSUCH1,Search For Offers/Quotations  ,,
INARTBIS,List Of Invalid Prices,,
INARTCOPY,Copy Complete Item  ,,
INARTCOPY1,,,
INARTCOPYOK,Items are Copied  ,,
INARTEINHEIT,Modify Unit of Measure,,
INARTEXSTAMM,Export Items From Item Master Data,,
INARTHISTANZ,Print Item History  ,,
INARTIKEL,,,
INARTLIST,Print Item Part List,,
INARTLST1,Print Item Master Data,,
INARTOHNE,Item Level without Productions Cost,,
INARTOHNEVK,Item Without Sales Price  ,,
INARTPREISBEPROM1,Select Items for Promotion,8 - black,
INARTPREISKO,Control Statistics for Item Prices  ,,
INARTPREISLOG1,Print Item Price Protocol ,,
INARTPREISLOGEK,Show Item Cost Protocol,,
INARTPREISLOGEKVK,Show Item Cost and Sales Protocol,,
INARTPREISLOGVK,Show Item Sales Price Protocol,,
INARTSERIE,Serial Number Control,,
INARTSTAT,Item Values according to Quantity in Orders ,,
INARTVERTRS,Items Per Group Of Sales Representatives,8 - black,
INARTVORK,Cost Calculation Scenario  ,,
INATP,Display ATP (Available to Promise),8 - black,
INAUFAN,Print Offers,,
INAUFARTSUCH,Search For Items  ,,
INAUFAV,Print Delivery Advice,,
INAUFBANZ,Edit Open Orders/Demands/Supplies  ,,
INAUFBER,Print Pick List,,
INAUFBEREDIT,Print Pick List,,
INAUFBEREDIT1,Sourcing,,
INAUFBES,Print Orders,,
INAUFBRIEF,Create Manual Letters ,,
INAUFCHECK,Invioce Check To Customers Orders ,,
INAUFDRUCK,Print Order Information  ,,
INAUFE,Self Jobs,,
INAUFGRT,Create Order from Supply,,
INAUFInvReprint,Invoice Re-Printing,,
INAUFKL,Print Order Labels  ,,
INAUFL,Supplier Job,,
INAUFLEIH,Return From Rent Delivery  ,,
INAUFLFAVIS,Enter Shipping Acknowledgements,8 - black,
INAUFLI,Print Delivery Notes,,
INAUFLI1,Process Open Jobs ,8 - black,
INAUFNEU,Create New Orders,8 - black,
INAUFPCLOSE,Close Manual Order,,
INAUFPL,Acknowledge Distribution,,
INAUFPL1,Print Delivery Confirmations/Acknowledgements  ,8 - black,
INAUFPNEU,Add Extra Line Items,,
INAUFPREISLOG1,Order Price/Cost Protocol,,
INAUFPTSN,Line Item Part Serial No. Allocation  ,,
INAUFPTT,,8 - black,
INAUFRELEASE,Release Purchase Order Each Supplier,,
INAUFRELEASEORDER,Release Orders,,
INAUFSLIST,Print Item Part List for Orders,,
INAUFSLIST1,Edit Cost Of Item Parts  ,,
INAUFSORTI,Categories    ,8 - black,
INAUFSPERR,Release Orders  ,,
INAUFSPLIT,Part Shipment Line Item  ,,
INAUFSUCH1,Search For Orders  ,,
INAUFTOM1,Dispatch Planning ,,
INAUFWH,Determine Goods Origin ,,
INBACKJOBS,Summary Background Jobs  ,,
INBAR,Print Item Barcode,8 - black,
INBDE1,Import Electronic Time Stamps,,
INBERECHNUNG,Calculation,,
INBESTANZ,Display Inventory Per Item  ,,
INBESTANZ2,Show Quantity On Hand  ,,
INBESTANZL,Display Items at Location   ,,
INBESTANZL1,Display Items Location   ,,
INBESTANZPDA,Show Stock Location on PDA,,
INBESTLIST1,Inventory List  ,,
INBESTMONAT2,Start Quantity Value Calculation,,
INBESTNULL,Stock Location Without Stock,,
INBESTRUECK,Return Deliveries To Supplier,,
INBESTSALES,Item Quantity Overview  ,,
INBMECAT,Export Item Master Via BMEcat,,
INBMEINVCHECK,Process Incoming Invoices BME,,
INBMELIEFCATIM,Transfer Imported Item Records ,,
INBONKULI,Customers Discount List Per Supplier,,
INBRIEFKUND,Customer Serial Letters,,
INBRIEFLIEF,Supplier Serial Letter,,
INCALL0,Buttons,8 - black,
INCALL2,Print Task List,8 - black,
INCALLBRIEF,Create Manual Letters ,,
INCALLD,Search For Service Jobs,,
INCALLD1,Print Service Documentation,,
INCALLKOSTLIST,Service Cost List  ,,
INCALLPTKS,Start Change Protocol Routine,,
INCALLS,Enter New Service,,
INCALLST,Statistics ,,
INCATALOGITEM,Edit Misc. Line Items ,,
INCHARGEN,Search For Lot No.  ,,
INCHARGENAUF,Batch Number In Orders  ,,
INCONTAINEREINAUS,Container In and Out,,
INCONTAINERL,Print Container Lists  ,,
INCRMFORECAST,Pre-calculation For Expected Orders  ,,
INCRMSYSK,ABC Turnover Analysis    ,,
INCRMSYSK1,CRM  ,,
INDASHBOARD,Dashboard,,
INDATR,Create Debtor Export File,,
INDATRL,Create Direct Debit Bank File,,
INDCMDataLoad,Data Loading  ,,
INDISPATCHCHART,Route Planning,,
INDISPATCHPLAN1,Start Traffic Planning ,,
INDMLIST,Document List  ,8 - black,
INDMSMAHN,Print Due Reminders  (Dunnings),,
INDMSSEND,Export EDI Data  ,,
INDPRRUN,Edit Orders  ,8 - black,
INDRP,Planning Report,,
INDRPBESTVOR1,DRP/MRP Order Suggestion ,,
INDRPDEMANDL,Display Manual Demands,,
INDRPDEMANDN,Enter Demands,,
INDRPDEMANDP,Enter Demands,,
INDRPDESPERR,Release Orders  ,,
INDRPITEMS1,Copy Data from Item Master Data,,
INDRPLODS,List Open Demands/Supplies  ,,
INDRPMESSAGE,DRP/MRP Messages  ,,
INDRPPRODU,Edit Demands From Production Orders,,
INDRPRUN,Outline Supply/Demand For Each Item  ,,
INDRPRUNMAN,Run DRP Process Manually,,
INDRPRUNNOW,Start Process Manually,,
INDRPSTART,Start DRP/MRP Process,,
INDRPSUSPERR,Release Orders  ,,
INDRPUMBUCH,Transfer Stock Location,8 - black,
INDRPUMKURZ,Create New Demand,,
INDRPUMLALI,Print Loading List  ,8 - black,
INDRPUMLALIB,Edit Loading List,8 - black,
INDRPUMLALIB1,Dispatch Planning Processes,,
INDRPUMLIEF,Print Delivery Note  ,8 - black,
INDRPUMLIEFB,Edit Route Planning,8 - black,
INDRPUMLIEFB1,Dispatch Planning Processes,,
INDRPUMLKWLIST,Route Planning,,
INDRPUMMENGE,Dispatch Planning Processes,,
INDRPUMMENGE1,Edit Route Planning,8 - black,
INDRPUMOK,Edit Delivery Confirmation,8 - black,
INDRPUMOK1,Dispatch Planning Processes,,
INDRPUMPICK,Print Pick List  ,8 - black,
INDRPUMPICKB,Edit Pick List  ,8 - black,
INDRPUMPICKB1,Dispatch Planning Processes,,
INDRPUMPICKE,Move Items To Pick Level,8 - black,
INDRPUMPICKO,Print Pick list,8 - black,
INDRPUMSOURCE,Interwarehouse Traffic Sourcing,,
INDRPUMTOUR1,Re-Printing,8 - black,
INDRPUMVO,Print Pick List  ,8 - black,
INDRPUMVOK,Voice Control File Save  ,,
INDRPUMVT,Relocation Route Planning,,
INEDI,Import EDI Data  ,,
INERECHCHECK,Invoice Matching,,
INERECHCHECK1,Invoice Matching,,
INERECHDR,Print Supplier Invoice List,,
INERECHU,Transfer Invoices To General Ledger,,
INFIBEXPO,Export Data to General Ledger,,
INFIBPARCOPY,Copy Preliminary Cost  ,,
INFIBUEU,Recapitulative Statement  ,,
INFIBUM,Transfer Master Data To General Ledger,,
INFIBUM1,Transfer Master Data From Financial  ,,
INFREMDANZ,External Production Overview,,
INFREMDFERT,Print External Production  ,,
INGARANLIST,Print Guarantee List,,
INGOENKWERKANZ,Statistical Tooling Cost,,
INGOENKWERKCOPY,Copy Preliminary Cost Tool  ,,
INGOEQSMDR,Print Sampling  ,,
INGOEVKTEILCOPY,Copy Preliminary Cost  ,,
INGOEVKWERKCOPY,Copy Preliminary Tool Cost,,
ININTRA,Intrastat Message,,
INKADR,Customer Address Labels,,
INKALKEK,New Calculation Of Purchase Prices,,
INKALKVK,New Calculation Of Sales Prices  ,,
INKLEBER,Quick Recording of Stock Receipt,,
INKONFIG,Configure Item ,8 - black,
INKUECH1,Print Cafeteria Food Plan,8 - black,
INKUNDEANF,Create Customer Inquiries  ,,
INKUNDEANFRBRIEF,Create Manual Letters ,,
INKUNDEANFRS1,Enter New Service,,
INKUNDEARTIKEL,All Orders by Item,8 - black,
INKUNDEARTIKEL TARGET=TEILFRAME2,Customer Name,,
INKUNDEBON,Customers Bonus List    ,,
INKUNDEBRIEF,Create Manual Letters ,,
INKUNDEDSUCH,Customer Contacts List,,
INKUNDEL1,Print Customer List,,
INKUNDELST1,Print Customer Master Data,,
INKUNDEOP,Open Invoices - Customers ,,
INKUNDESUCH,Search For Customers,,
INKUNDEWERB,Reactivate Marketing Ad. from Customer File  ,,
INKVERZ,Customer Directory,,
INLADR,Supplier Address Labels  ,,
INLAGERSICHT,Stock Location Overview,,
INLALI,Print Vehicle Load List,,
INLIEFART,Supplier´s Items,,
INLIEFARTCAT,Supplier´s Items,,
INLIEFARTKILL,Edit Supplier´s Items ,,
INLIEFAUSW,Supplier Analysis  ,,
INLIEFBON,Suppliers Bonus List  ,,
INLIEFBRIEF,Create Manual Letters,,
INLIEFLST1,Print Supplier Master Data,,
INLIEFOP,Open Invoices - Suppliers ,,
INLIEFSUCH,Search For Suppliers,,
INLIMIT2,Start Open To Buy Process  ,,
INLIMITDRUCK,Print Open To Buy  ,,
INLOADLIST,Item Load List,,
INLPGEN,Create Stock Locations,,
INLPLAYOUT1,Stock Location Layout ,,
INLPLAYOUT1A,Layout of stock location  ,,
INLVERZ,Supplier List,,
INLXL,Print Storing Orders,,
INLXU,Location Overview,,
INMAILFETCH,Start Mail Fetch ,,
INMAILJOB1,Transmit Automatic E-Mail,8 - black,
INMASCHLAST,Print Machine Utilization,,
INMASCHST,Print Machine Utilization,,
INMASCHSTW,Weekly Machine Capacity   ,,
INMINBEST,Print Minimum Inventory List  ,,
INNACHKALK,Before/After Cost Counting  ,,
INNACHKALK1,Product Costing Analysis,,
INNACHKALK2,Post Parts Calculation,,
INOPINPUT,Data Of The Server Import,,
INOPINPUT1,Import Data From Server,,
INPARAMETER,List Of Important Parameter Settings ,,
INPICKCHECK,Edit Pick Quantity,,
INPICKONL,Electronic Pick List,,
INPICKUM,Transfer list To Pick-Level,,
INPLANAGRAMCHECK,Missing Orders By Date ,,
INPLANAGRAMCHG,Planagram Mass Item Change ,,
INPLANAGRAMITM1,Planagram Item ,,
INPLANAGRAMITM2,Planagram Item ,,
INPLANAGRAMPDA,Create PDA Files ,,
INPLANAGRAMSETITM1,Planagram Set Item ,,
INPLANAGRAMSETITM2,Planagram Set Item ,,
INPLZSTD,Import Zip Code,,
INPREIS,Print Item Price List,,
INPROAUF,Print Production Order,,
INPROBDE,Edit Time Stamps (Batch),,
INPROBDEAUF,Edit Time Stamps (Batch),,
INPRODAUER1,Start Service Projects,8 - black,
INPRODAUER2,Start Service Projects,8 - black,
INPRODAUERDR,Print Project Time Table,,
INPROENDE,Finish Work Order,,
INPROFERTIG,Enter Production Stop,,
INPROGRAPH,Graphic Production Planning (Gantt Chart),,
INPROJCHART,Project Summary ,,
INPROLENK,Display Product Control Plan  ,,
INPROLENKMAIL,Send Product Control Plan As E-Mail  ,,
INPROMANUPROTL,Print Manual QM-Production Protocol  ,,
INPROMIT,Work Order User  ,,
INPRONETTO,Net Requirement Calculation,,
INPRONETTOART,Control Supply and Demand,,
INPROPANZ,Production Planning,,
INPROPANZAUF,Production Plan  ,,
INPROPJOB2,Start/Stop Production Planning Process,,
INPROPLAN1,Production Planning  ,,
INPROPLANDR,Print Production Plan,,
INPROPLANDYN,Graphic Production Planning,,
INPROPRIO,Production Sequence  ,,
INPROPRIONEXT,Next Work Order  ,8 - black,
INPROPRIOVERW,Print Work Order  ,,
INPROPROT,Production Log  ,,
INPROPROT1,Manufacturing Log  ,,
INPROPSTA,Display Efficiency,,
INPROSTART,Enter Production Start / PDA  ,,
INPROVRE,Commission Reference By Order Date,,
INPROVRE2,Commission Reference By Delivery,,
INPROVVERM,3rd Party Commission Reference,,
INPSSAMMEL,Print Multiple Labels,,
INPSSAMMEL1,Multiple Print By Item No.,,
INPurchasePlanPrint,Purchase Planning Report,,
INQANDAQ,Print Questions and Answers,,
INQANDAS,Search Questions and Answers,,
INQMAUFG,Quality Control,,
INQMRANK,QC Point Ranking,,
INRAHMEN1,Planned Order Summary,,
INREBUCHDR,Print Sales Invoice Ledger,,
INRECH,Print Invoices,,
INRECH1,Open Sales Order and Order Process,,
INRECHKUN,Print All Customer Invoices,,
INRECHSAMMEL,Print Customer Invoices (Accumulative Print),,
INRECWO,Work Order Receipt,,
INREPLDATA1,Result of Rule Processing  ,,
INREPLDEMAND,Create Demands From Replenishment  ,,
INREPLRULE1,Start Rule Processing,,
INREPLRULEINFO,Show Rule Types  ,,
INRESET,Data Reset,,
INRMADATUM,Move To Return Stock Location ,,
INRMADATUM1,Move To Return Stock Location ,,
INRMALIEF,Return List To Supplier ,,
INRMALIEF1,Return List For Supplier ,,
INROUTINE,Routine Activity Log,,
INSALESPRICE,Price Request  ,,
INSAPSD,SAP Invoice File ,,
INSHIPINFOALL,Allocating Orders - Imports,,
INSHIPNO,Show Imported Orders,,
INSHOP,In Shop Layout,8 - black,
INSMSSEND,Select EDI Export  ,,
INSNAUF,Edit Serial No. In Orders,,
INSTAABC,ABC-Analysis For Turnover    ,,
INSTAABCMENGE,ABC-Analysis For Quantity  ,,
INSTAANFR,Inquiry Statistics  ,,
INSTAART,Item Sell (one Year),8 - black,
INSTAEAN,Item Sales UPC  ,8 - black,
INSTAHITART,Item Hit List (Quantity),,
INSTAHITARTU,Item Hit List (Sales),,
INSTAHITKM,Customer Hit List (Quantity),,
INSTAHITKU,Customer Hit List (Sales),,
INSTAHITKUM,Display Hit List by Quantity,,
INSTAHITLIEFM,Supplier Hit List (Quantity),,
INSTAHITLIEFU,Supplier Hit List (Sales),,
INSTAHITVKU,Sellers Hit List (Sales),,
INSTAHITWGRM,Item Category Hit List (Quantity),,
INSTAHITWGRU,Item Category Hit List (Sales),,
INSTARKAR,Complaints By Item  ,,
INSTARKKD,Complaints By Customers,,
INSTARKLI,Complaints By Suppliers,,
INSTARKLIST,Complaint Statistics  ,,
INSTARKMI,Complaints By Employees,,
INSTARKPR,Complaints By Projects  ,,
INSTARKVE,Complaints By Sales,,
INSTARKWG,Complaints By Item Group,,
INSTATEIL,Search For Items in Production Orders,8 - black,
INSTATSERV,Status Open Services  ,,
INSTATSERV1,Completed Services Statistics,,
INSTATSERVUEB,Open Services Summary ,,
INSTATSERVUEB1,Selected Services  ,,
INSTATSERVUEB2,Selected Services  ,,
INSTAUMAA,Item Type Statistics,,
INSTAUMAR,Item Statistics,,
INSTAUMGE,Area Statistics,,
INSTAUMGG,Total Summary (diagram),,
INSTAUMKD,Customers Sales  ,,
INSTAUMLI,Supplier Sales,,
INSTAUMPJ,Project Revenue  ,,
INSTAUMPJA,Project Revenue  ,,
INSTAUMPJL,Project Process ,,
INSTAUMWG,Item Category Statistics,,
INSTAW,Item Group Sale  ,8 - black,
INSUCH,Search Within Customers/Suppliers/Marketing,,
INTAGES,Process Daily File,,
INTELEF,TEST FORMULA Free Fields  ,,
INTELEIMPORT,Import Telephone Files  ,,
INTIME,Production Overview,,
INTIMEW,Production Weekly Review ,,
INTOUR1,Plan Delivery Traffic,,
INTOURCHART,Graphic Traffic Planning (Gantt-Chart),,
INTOURGRAPH,Graphic Traffic Planning  ,,
INTOURGRAPHD,Graphic Traffic Planning  ,,
INTOURPACK,Edit Packing By Route,,
INTOURSTAPEL,Express Route Planning,,
INTRAEINL,Edit Intrastat-No.,,
INTRANSFER,InterWarehouse Transfer,,
INTRANSITCHECK,Show Items In Transit,,
INTRSPKLEB,Print Packing Label,,
INUEBER,Overdue Confirmation/Incoming Goods/Delivery,,
INULFORM,UL / Wholesale America Formula Fields  ,8 - black,
INULORDER,Create Purchase Orders,,
INULREPORT,Show Order Report,,
INULREPORT1,Show P.O. Releases,8 - black,
INULRUN,Start INULRUN  ,,
INVKVWDR,Advertising Campaign Analysis ,,
INVKVWSUCH,Advertising Report,,
INVOICEPICK,Main Assignment Screen ,,
INVOLABOR,show Voice Control History Labor Summary,,
INVOSIGNOFF,Voice Control Man. Sign Off,,
INVOSIGNOFF2,Sign On Screen,,
INVOSTART,Launch Voice Controll Process ,,
INWAUSAUFKL,Print Goods Dispatched Stickers  ,,
INWEADJUST,Stock Adjustments,,
INWEAENDER,Quantity Change ,,
INWEAUFPUM,Item / Material Movement Each Order,,
INWEAUFVORA,Preliminary Entry Of Goods Receipt  ,,
INWEAUFVORAP,Preliminary Entry Of Goods Receipt  ,,
INWEFEHL,Missing Goods Received Numbers ,,
INWEFERTUM,Item / Material Movement For Production,,
INWEFREI,Received Without Orders   ,,
INWEINBES,Create Stock from Barcode File,,
INWEINCYCLEL,Create Counting List For Cycle Counting,,
INWEINKOM,Import Data From Barcode Reader,,
INWEINRUECK,Update Stock from Stocktake ,,
INWEINRUECKK,Readjustment After Qty Generation  ,,
INWEINV,Create Stocktake,,
INWEINV0,Edit Stocktaking,,
INWEINV1,Change Stocktaking Data,,
INWEINVBW,Inventory Evaluation Run,,
INWEINVBackUp,Create Stocktaking List,,
INWEINVCYCD,Print Counting List Cycle Counting,,
INWEINVD,Perform Stocktake,,
INWEINVDIF,Print Stocktaking Dif. List,,
INWEINVDS,Print Stocktaking Total List,,
INWEINVK,Delete Stocktaking List,,
INWEINVZUFALL,Random Inventory  ,,
INWERBADRB,Marketing Serial Letters,,
INWERBADRCOPY,Copy Advertising Addresses  ,,
INWERBADRKL,Marketing Address Labels,,
INWERBADRKL2,Drucken Serienbriefe,,
INWERBADRSUCH,Search For Advertising Addresses,,
INWERBAKTIV,Analysis after OP Category,,
INWERBBANZ,Process Membership ,,
INWERBBRIEF,Create Manual Letters ,,
INWERBEC,Addresses Without Country  ,,
INWERBEZ,Addresses Without ZIP Code  ,,
INWERBKONVB,Edit Telephone And Visitor List  ,,
INWERBKONVB1,Contact Working-On List  ,,
INWERBKONVOR1,Print Form Letters  ,,
INWERBL1,Marketing Address List,,
INWERBSUCHK,Search Advertising Contacts  ,,
INWERBWERT1,Print Address List by Location,,
INWERBWERT2,Print Sales Ranking by Location,,
INWERBWERT3,Print Address By Employee,,
INWERBWERT4,Print Ranking by Employee,,
INWERBWERT5,Print Marketing Statistics By Employee,,
INWERBWERT6,Print Marketing List By Location,,
INWERBWERT7,Print Working Hours By Employee,,
INWESCHNELLPF,Control Received Items Fast Input ,,
INWESCHNELLPF1,Receive Item At Gate,,
INWESHIST,Serial No History   ,,
INWEUM,Print Stock Adjustments,8 - black,
INWEUMDR,Print Goods Relocation Slip  ,,
INWEVERFALL,Control Expiration Date,,
INWF50,Release Orders  ,,
INWFLIST,Edit Workflow  ,,
INWORKPL,Print Work Material and Time Lists,,
INWVERZ,Marketing Directory,,
INXAUF,Restore Deleted Jobs ,,
INYMNEW,Copy Company Default  ,,
INZAHLUNG,Payment Incoming Invoices,,
INZAHLUNG1,Edit Incoming Customer Payment,,
INZOLL,Create Manual Customs Declaration  ,,
INZOLLAUTO,Create Automatic Customs Declarations ,,
INZOLLFILE,Edit Customs File ,,
LWDisplayDCMQueue,DCM Outstanding Queue,,
LWRunDCMManager,,,
REP,Report,,
REPBatchLinePreview,Batch Line Preview,,
REPChequeCopy,Copy Cheque,,
REPCopy,Copy Report,,
REPDrill,Report Details,,
REPLanguage,Edit Report Translations,,
REPLog,Reporting Log,,
REPRUN9617301,Ledger Trial Balance,,
REPReportRun,Run Report,,
REPRunFromMenu,Run Report from Alphalinc Menu,,
REPViewCopy,Copy View Definition,,
REPViewCreateAll,Recreate Views,,
REPViewQuery,View Query,,
SALCSTCusOrder,Customer Order,,
SALCSTLogon,Logon,,
SALCSTTemplateCopy,Copy Template,,
SALCompile,Compile Classes,,
SALDCMDataLoad,Data Loading,,
SALFunctionCalls,Function Calls,,
SALHelpText,Help Text,,
SALMenuMove,Move Sales Menu,,
SALPOSStart,POS Application,,
SALPhoneBookLoad,Phone Book,,
SALProductSearch,Product Search,,
SALRuleCompare,Compare Rule definitions at different locations,,
SALTransationRemove,Remove Transactions,,
SCHTEST,,,
SRMan,,,
SRT,,,
SRTEST5,,,
STKBarcodePrint,Print Labels,,
STKHelpText,Show Help Text,,
TERMIN,Appointments And Tasks,,
TERMIN2,group member,,
TERMINBEST,Picklist  ,8 - black,
TERMINFORT,Edit Regular Appointments,,
TERMING,appointments and tasks,,
TERMINGW,appointments and tasks,,
TERMINGWR,appointments and tasks,,
TERMINM,monthly schedule,,
TERMINN,available dates,,
TERMINPLAN1,Check Availability Of Time Slot      ,,
TERMINPLAN2,Picklist  ,8 - black,
TERMINRB,appointments and tasks,,
TERMINS,search for available dates,,
TERMINT,daily schedule,,
TERMINW,weekly schedule,,
TEST,,,
TEST3,,,
TEST4,,,
TEST999,Test  ,,
TSBabelFishTranslation,Babel Fish Translation,,
TSButtonTextDisplay,Button Text Display,,
TSChildClasses,Child Classes,,
TSComparator,TSComparator,,
TSCompareNamespaces,Compare two Namespaces,,
TSComponentDiffs,Component Differences,,
TSCopyForm,Copy Forms And Lists,,
TSDeleteForm,Delete Forms or Lists,,
TSDependentClasses,Dependent Classes,,
TSDetailedChanges,Detailed Changes,,
TSDiffForms,Differences on Forms,,
TSDiffOverview,Differences Overview,,
TSFormDiffs,,,
TSFormTransStToDoSearch,Translation/Revision Status To Do Search,,
TSItemValue,All Values,,
TSListAccesibleForms,List Accessible forms,,
TSListAccessibleForms,List Accessible forms,,
TSListButtonForms,List button forms,,
TSListClassesWithoutForms,List Classes Without Forms,,
TSListFormsInMenuTree,List of Forms IN Menu Tree,,
TSListFormsNotInMenuTree2,List of Forms NOT IN Menu Tree,,
TSListFormsToBeIgnored,List forms to be ignored,,
TSListNetManagerDiffs,List @net Manager Differences,,
TSNamespaceGlobalsSize,Registered Global Compare,,
TSRelatedClasses,Related Classes,,
TSTranslationCheckUI,Translation Check Tool,,
TSTranslationStatistics,Translation Statistics,,
VARADCALCSS,Update Safety Stock,,
VARADQUERYREPL,Run Replenishment Query,,
VARADQUERYSHOW,Show Query Results,,
VARTRKCompra,,,
VARTRKInventario,,,
VARTRKMenu,,,
VARTRKMoviment,,,
VARTRKPlanejamento,,,
VARTRKRecebimento,,,
VARTRKTransferencia,,,
WWW001D,Print Class Definition,,
WWW0042,Print Menu Outline,8 - black,
WWW00421,Create User Menu  ,,
WWW0042S,Print Tips for Training and Education   ,,
WWW0042S1,Create User Menu  ,,
WWW0042SP,Print Training Documents  ,,
WWW004S,Search for Forms,,
WWW0131,Change Company,,
WWW0131B,Change Site Location,,
WWW013GEB,Print Birthday List,,
WWW013L,Print Time List,,
WWW013LZEIT,Print Own Time List,,
WWW013MSG,Enter Instant Messages,,
WWW013Z,Time Registration,,
WWW013ZBM,Time Correction  ,,
WWW120NM,Forms Without Menus  ,,
WWW1264Search,Recent Documents,,
WWWANL,display mailing text  ,,
WWWANN,proceed mailing  ,,
WWWBARCODE,Barcode,8 - black,
WWWBCS,notice board ,,
WWWBCS1,respond to notice board,,
WWWBLANK,,,
WWWBULKUPDATE,Bulk Update  ,,
WWWBUTCHECK,Prüfen Buttonübersetzung,,
WWWBUTCHECK1,Button-Bezeichnung,,
WWWBUTTONCHECK,Translation Check Button,,
WWWBUTTONCHECK1,Button Description  ,,
WWWCAL,calendar ,8 - black,
WWWCAL1COPY,Copy Holiday Calendar  ,,
WWWCAL2,calendar ,8 - black,
WWWCALC,Calculator  ,8 - black,
WWWCDL,Convert CDL File  ,,
WWWCHART,create charts  ,8 - black,
WWWCHAT,Chat Room,,
WWWCMD,DOS Prompt  ,,
WWWCODA,Copy Class Description,,
WWWCOFA,Copy Forms And Lists,,
WWWCOFAExportAndImport,Export Forms And Listings,,
WWWCOMPARE,Version Comparison Tool,,
WWWCUSTOMLIST,Display Individual Defaults (Customizing File),,
WWWDICTIONARY1,Edit Unknown Words  ,,
WWWDLOE,Delete Classes,,
WWWDMEU,Euro-conversion,,
WWWDOCUMENT,Document,8 - black,
WWWDRAGDROP1,show lines,,
WWWEDIT,,,
WWWEXPLORER,Use Menu,,
WWWEXPO,Export Files,,
WWWFAVO,Individuelle Menü erstellen,,
WWWFAX,Test FAX,,
WWWFINDFIELD,Find Field Within Class ,,
WWWFLOE,Delete Forms or Lists,,
WWWGEDT,View Files,,
WWWGRAPH1,Access Statistics,,
WWWHELPN,Search for Form Fields with No Help Text,,
WWWHELPS,Search for Help Text,,
WWWHPR,Print Operating Instructions,,
WWWHPR1,Print Operating Instruction,,
WWWIMPO,Import Files,,
WWWIMPOSTART,Start Import By Import Profile ,,
WWWIN,Import New Program Version  ,,
WWWINDMSSEND,Refferens  ,,
WWWINFO,Information Screen,,
WWWINPWD,INTRAPREND Code  ,,
WWWLNG,Edit Translations,8 - black,
WWWLNG5,Correct Translations  ,,
WWWMANU,Manual Executes,,
WWWMENUCHANGE,Move Menu Item  ,,
WWWMESSG,Time Correction  ,,
WWWMON,Process Monthly Files,,
WWWOUT,Export Program Version,,
WWWPARA,Parameter selection  ,8 - black,
WWWPICTURES,Convert All Forms To JPG For Help Function  ,,
WWWPOPULATE,Generate Test Data  ,,
WWWPRIMCHANGE,Alter Primary Key,,
WWWPRO,Change Log  ,,
WWWPROMIT,Changes Per Employee Protocol,,
WWWPROUNDO,UnDo From Protocol File,,
WWWPWD,Change Password,,
WWWPrinterSelect,Printer Select,,
WWWRM0,Room Availability,,
WWWROB,web-robot  ,,
WWWROUTINE,Routine Edit Log  ,,
WWWROUTINESUCH,Search Within Forms,,
WWWSCHULUNG,,,
WWWSEARBIT,Search  ,,
WWWSORT,Recreate Index Keys  ,,
WWWSQLX,Execute SQL Lists  ,,
WWWSYS,Show System Information,,
WWWSYSTEM2,Version Check  ,,
WWWTESTSTART,Launching Test-Routines  ,,
WWWTOUR,sales order processing  ,,
WWWTOUR1,sales order processing  ,,
WWWTRANSLATE,Start Translation,,
WWWUPLO,Upload Files,,
WWWURL,Leave Table,,
WWWURL1,edit leave  ,,
WWWURL2,Edit Holiday,,
WWWVBIN,Import VB File  ,,
WWWWHRX,,,
WWWWV,Edit Date Reminder,,
WWWXML,Test XML Connection  ,,
WWWXMLSCHEMA,Import XML Schema  ,,
WWWXUSER,Exchange User  ,,
WWWYMNEW,Copy Company Parameters,,
AEPCatalogDiscounts,Catalog Discounts,,
AEPCATCatItemEdit,Edit Catalog Item,,
AEPCATCatalogEdit,Edit Catalog,,
AEPCATCatItemDiscEdit,Edit Catalog Item Discount ,,
AEPCATCatTargetComs,AEPCATCatTargetComs,,
AEPCATShoppingCart,Shopping Cart,,
AEPCATCommunity,Communities,,
AEPOfferInstallment,Offer Installments,,
AEPOfferBuyer,Offer,,
AEPOfferSeller,Offer,,
AEPNegFinalMap,Maps Requisitions and Final Negotiation Line Items,,
AEPNegInitialMapHistory,Map Contents of all Initial Offers and keep as History,,
AEPNegLineItem,Offer Line Item,,
AEPOfferLineItem,Negotiation Line Items,,
AEPNegNegotiation,General class for all kinds of negotiations,,
AEPNegotiationSupplier,Show the Negotiation's Supplier,,
AEPEntitynegNegotiationLineItem,,,
AEPRALotLineItem,Lot Line Item,,
AEPNegNegotiationMap,Map of all Requisition Line Items in a Negotiation,,
AEPNegNegotiationThreadMap,Map Contents of a Negotiation Thread,,
AEPRADPEDisputeRoom,Dispute Room,,
AEPRALotBuyer,Lot Buyer,,
AEPRALotSupplier,Lot Supplier,,
AEPRALotProposalBuyer,Lot Proposal Buyer,,
AEPRALotProposalSupplier,Lot Proposal Supplier,,
AEPNegRARFQSupplier,Supplier RFQ,,
AEPRARFQBuyer,RFQ Buyer,,
AEPRARFQSupplier,RFQ Supplier,,
AEPNegTempNegotiationThreadMap,Used for temporary mapping,,
AEPPersonEdit,Person,,
AEPPersonView,Person,,
AEPAgreement,Agreement,,
AEPAgreementConditions,Agreement Conditions,,
AEPAPDocument,Requisition Workflow Document,,
AEPAPDocumentActions,Workflow Document Actions,,
AEPAPDocumentTrack,Workflow Document Track,,
AEPAPTemplate,Requisition Workflow Template,,
AEPAPTemplateSteps,Template Steps,,
AEPCompanyParameter,Company Parameters,,
AEPCustomer,Customer,,
AEPCustomersGroup,Customer Group,,
AEPCustomerSite,Customer Site,,
AEPErrDescription,Error Description,,
AEPErrDetailedInfo,Error Detailed Info,,
AEPErrStackInfo,Error Stack Info,,
AEPFlowchartUser,Flowchart Users,,
AEPGeneric,,,
AEPINPARA,User Parameters from DRP,,
AEPInsuranceCosts,Insurance Costs,,
AEPMasterEntity,AEPMasterEntity,,
AEPMODAEntity,AEPMODAEntity,,
AEPOfferMsg,Offer Messages,,
AEPPackingCosts,Packing Costs,,
AEPProduct,Product,,
AEPProductPackingUp,Packing Up,,
AEPProductPerLocation,Product Per Location,,
AEPProductPerSupplier,Product Per Supplier,,
AEPProductUnityMeasure,Unity of Measure,,
AEPPurchaseOffer,Purchase Offer Form,,
AEPPurchaseOfferLine,Purchase Offer Line Item,,
AEPPurchaseRequisition,Purchase Requisition,,
AEPPurchaseRequisitionLin,Purchase Requisition Line Items,,
AEPPurchaseRequisitionLine,Purchase Requisition Line Item,,
AEPNegRADispute,Dispute Room,,
AEPRALotTemp,Lot ,,
AEPRALotLineItemBuyer,Lot Line Item Buyer,,
AEPRALotLineItemSupplier,Lot Line Item Supplier,,
AEPRALotProposal,Lot Proposal,,
AEPRATemplate,RA Template Edition,,
AEPSpecialSurcharge,Special Surcharges,,
AEPSupplier,Supplier,,
AEPSuppliersGroup,Supplier Group,,
AEPSupplierSite,Supplier Site,,
AEPTempNegThreadMapping,Temporary Mapping,,
AEPTranspCompany,Transport Company,,
AEPTranspCosts,Transportation Costs,,
AEPUserFootPrint,User Foot Print Form,,
AEPUserParameter,User Parameters,,
AEPUserSortFilterData,User Sort and Filter Data,,
AEPWorkflowDocumentType,Workflow Document Type,,
APMDEFINPUT,Input Definition  ,8 - black,"I $G(YKEY)'="" K ^APMDEFINPUTE(0,YKEY)"
APMDEFINPUTE,Input Events  ,,
APMDEFPAGE,Page Definition  ,,
APMDEFPARAA,Edit Application Parameters  ,,
APMDEFPARAE,Edit JavaScript Parameters  ,,
APMDEFPARAS,Edit System Parameters  ,,
APMDEFPARAU,Enter User Parameters,,
APMDEFSYS,Application Parameter  ,,
APMDEFSYSM,Application Start Action  ,,
APMDEFTAG,Edit Tags For Applications  ,,"I $G(YKEY)'="" K ^APMDEFTAGE(0,YKEY)"
APMDEFTAGE,Tag Event  ,,
APMHTML,HTML Definitions  ,8 - black,
APMHTMLLANG,HTML Definitions  ,8 - black,
APMLANGTEXT,Edit Language Text,,
Babel,German / English Dictionary,,
COMAppError,Application Error List,,
COMApplicationList,AlphaLinc Suite Builder,,
COMClear,Clearing data,,
COMConst,Constant Generation,,
COMDCMClass,COM Class Distribution setup,,
COMDCMDTD,DTD Builder,,
COMDCMDTDElement,DTD Builder - Elements,,
COMDCMEvent,Available Events,,do afterDeleteEvent^COMDCMLocEvent(YKEY)
COMDCMEventFields,Event - Field,,
COMDCMEventsProcessed,Events Processed,,
COMDCMEventsProcessedData,Event Data,,
COMDCMEventsProcTarget,Event Targets,,
COMDCMEventsQueue,Event Queue,,
COMDCMEventsQueueData,Event Queue Data,,
COMDCMLocation,Installed Sites,,
COMDCMLocEvent,Site - Events,,
COMDCMMethod,Event - Method,,do afterDeleteMethod^COMDCMLocEvent(YKEY)
COMDCMMethodParam,Method Parameter,,
COMDCMMethodsRun,Methods Run,,
COMDCMMethodsRunData,Method Parameters,,
COMDirectoryListing,Directory Listing,,
COMDistOutConf,Build Configuration,,
COMDistOutConfDef,Default Build Configuration,,
COMHCCalculate,Health Check Calculations,,
COMHCMethod,Available Health Check Methods,,
COMHCResult,Health Check Result,,
COMIndex,Data Indexes,,
COMIndexHist,Index History,,
COMLanguageConversion,Language Conversion Classes,,
COMLock,Referenced Locks,,
COMMsg,Message Log,,
COMMsgLog,Message Log,,
COMQuickSearchSetup,Quick Search Setup,,do OnAfterDelete^COMQuickSearch(YKEY)
COMRegistered,Registered Classes for Locking,,
COMRoutineLog,Routine Logging,,
COMSchedule,Schedule - Entry,,
COMTAXLocation,Tax Location,,
COMTAXTable,Tax Table,,
COMTempList,Temporary Lists,8 - black,
COMViewConfig,Configuration,,
COMViewFile,File Generation Dates,,
COMViewFilter,Search Filtering,,
COMViewLog,Search Log,,
CSTCharValue,Characteristic Value Definition,,
CSTCharValue1,Characteristic Values - Language Variations,,
CSTMatrixCombination,Characteristic Matrix Combinations,,
CSTMatrixDefault,Account Identification Matrix,,d AfterDeleteData^CSTMatrixDefault(YKEY)
CSTMatrixDefn,Account Identification Matrix,,d AfterDeleteData^CSTMatrixDefn(YKEY)
CSTRUN5175632,Account Identification Matrix,,d AfterDeleteData^CSTMatrixDefn(YKEY)
CSTMatrixPattern,Matrix Column Heading Pattern Specification,,d AfterDeleteData^CSTMatrixPattern()
CSTMatrixPolicy,Characteristic Matrix Policy,,
CSTMatrixType,Characteristic Matrix Types,,
DISCLOYALTY,Loyalty Setup,,
DISCLOYALTYEX,Loyalty Exceptions,,
DISCLOYALTYLEV,Loyalty Levels,8 - black,
FINAPAccount,Supplier Control,8 - black,
FINAPADJ,Supplier Adjustments,,
FINAPADJLine,Supplier Adjustment Line,,
FINAPChequeBook,Cheque Register,,
FINAPChequeBookCancelled,Cancelled Cheques,,"do OnAfterDelete^FINAPChequeBookCancelled(YKEY,YFELD)"
FINAPChequeBookUsed,Used Cheques,,
FINAPInv,Invoice Matching,,do OnAfterDelete^FINAPInv(YKEY)
FINAPInvPrePostCost,Invoice Pre Posting Information,,
FINAPVoucher,Supplier Vouchers,,do OnAfterDelete^FINAPVoucher(YKEY)
SHFINAPInv,Invoice Matching,,do OnAfterDelete^FINAPInv(YKEY)
FINAPInvAdditionalCharge,Additional Charges,,
FINAPInvBatch,Invoice Batch Entry,,do OnAfterDelete^FINAPInvBatch(YKEY)
FINAPInvCharge,Supplier Voucher Charge Lines,,
FINAPInvCharge2,Supplier Vouchers,,"do OnAfterDelete^FINAPInvCharge2(YKEY,YFORM,YFELD)"
FINAPInvChargeSplit,Supplier Charge Split,,
FINAPInvChargeDivision,Supplier Charge Divisions,,
FINAPInvLine,Invoice Lines,,
FINAPInvMatchCache,Invoice Match Cache,,
FINAPInvoice,Supplier Invoices,,
FINAPInvoiceDetail,Supplier Invoice Detail,,
FINAPInvoiceTran,Supplier Invoice Transaction,,
FINAPInvPrePost,Invoice Pre Posting Information,,
FINAPPayment,Supplier Payments,,do OnAfterDelete^FINAPPayment(YKEY)
FINAPPaymentAccount,Accounts for Payment,,
FINAPPaymentGroup,Account Group for Payment,,
FINAPPaymentInvoice,Supplier Payment Invoices,,
FINAPPaymentLine,Supplier Payment Lines,,do OnAfterDelete^FINAPPaymentLine(YKEY)
FINAPSupplier,Suppliers,,
FINAPVoucherPrePost,Voucher Pre Posting Information,,
FINARAccount,Customer Control,8 - black,
FINARADJ,Customer Adjustments,,
FINARADJLine,Customer Adjustment Line,,
FINARADJLine2,FINARADJLine2,,
FINARADJLine3,Customer Adjustment Line,,
FINARBalance,Balances,,
FINARBank,Customer Banking,,
FINARBankAccount,Accounts for Banking,,
FINARBankAccountGroup,Account Group for Banking,,
FINARBankInvoice,Customer Banking Invoices,,
FINARBankLine,Customer Banking Lines,,do OnAfterDelete^FINARBankLine()
FINARCustomer,Customers,,
FINARInv,Customer Invoices,,do OnAfterDelete^FINARInv(YKEY)
FINARInvLine,Customer Invoice Lines,,
FINARInvoice,Customer Invoices,8 - black,
FINARInvoiceDetail,Customer Invoice Detail,8 - black,
FINARInvoiceList,Invoice List,,
FINARInvoiceTran,Customer Invoice,,
FINARInvPrePost,Invoice Pre Posting Information,,
FINGeneralSetup,General Parameters,,
FINGLAccount,Account,,do KillCache^FINGLCLRule()
FINGLAccountAmountType,Account Amount Types,,
FINGLAccrualAccount,Accrual Accounts,,
FINGLBank,Bank Accounts,8 - black,
FINGLBankRecon,Bank Reconciliation,,"do OnAfterDelete^FINGLBankRecon(YKEY,YFELD)"
FINGLBankReconCleared,Bank Reconciliation (Cleared),,
FINGLBankReconLine,Bank Reconciliation (Lines),,"do OnAfterDelete^FINGLBankReconLine(YKEY,YFELD)"
FINGLBankReconLoad,Bank Recon File Loading,,
FINGLBankReconCompleted,Completed Records,,
FINGLBankReconMatchCache,Bank Reconciliation Manual Match Cache,,
FINGLBankReconMatched,Bank Reconciliation Matched Transactions,,
FINGLBankReconPreCleared,Bank Reconciliation (Lines),,"do OnAfterDelete^FINGLBankReconPreCleared(YKEY,YFELD)"
FINGLBankTran,Bank Held Transactions,,
FINGLCLRule,GL Consolidation Rule,,do KillCache^FINGLCLRule()
FINGLDistribution,Distribution & Accrual,,do OnAfterDelete^FINGLDistribution(YKEY)
FINGLDistributionAccount,Destination accounts for Distribution,,
FINGLEndOfYear,End Of Year,,
FINGLEndOfYearLine,End Of Year Line,,
FINGLInquiry,Ledger Inquiry,,
FINGLInquiryLine,Ledger Inquiry Line,,
FINGLJournal,Journals,,do OnAfterDelete^FINGLJournal(YKEY)
FINGLJournalPrePost,Journal Pre Post Information,,
FINGLJournalHist,Journal History,,
FINGLJournalHistIC,Inter Company Journal History,,
FINGLJournalLine,Journal Lines,,
GridFINGLJournalLine,Journal Lines,,d AfterDelete^FINGLJournalLine(YKEY)
FINGLJournalLoad,Journal Loading,,
FINGLPeriod,Periods,,do ResetPeriodCache^FINGLPeriod()
FINGLPeriodTotal,Period Totals (Budget),,
FINGLPeriodType,Ledger Periods,,do OnAfterDelete^FINGLPeriodType(YKEY)
FINGLProfile,Profile,10 - blue,do OnAfterDelete^FINGLProfile(YKEY)
FINGLProfileCode,Profile Codes,8 - black,
FINGLProfileCodeTemp,Profile Codes,8 - black,
FINGLProfileCodeType,Profile Code Types,,
FINGLReport,Financial Reports,,
FINGLStructure,General Ledger Structure,,
FINGLTran,Transactions,,
FINGLTranLine,Transaction Line,,
FINGLTranLineTemp,Transaction Line,,
FINGLTranLookUp,Transaction Look Up,,
FINGLBudget,Budget Types,,
FINGLTranType,Transaction Types,,
FINICAccount,Inter Company Account,,
FINICSetup,Inter Company Setup,,
FININTBatch,Interface Batches,,
FININTBatchLine,Batch Lines,,
FININTBatchType,Batch Types,,
FININTGLPost,Interface Status,,
FININTInterfaceType,Interface Line Types,,
FINInvGroupPost,Invoice Group Post Selection,,
FINInvGroupPostLine,Invoice Group Post Line,,
FINPARA,Finance User Parameter,,
FINRepCol,Report Columns,,
FINRepView,Finance Report View,,
FINSYSAccountGroup,Account Groups,,
FINSYSAccountGroupLine,Accounts,,
FINSYSDCM,Data Control,,
FINSYSRepeatGroup,Repeat Groups,,do OnAfterDelete^FINSYSRepeatGroup(YKEY)
FINSYSReview,Transaction Review,,
FINSYSTempList,,,
FINSYSTerm,Discount Terms,,
Gerbils,Gerbils,,
INABMERKER,Edit Order Confirmation Reminder,,
INAEPParameters,Procurement Parameters,,
INAKTIONMAIL,Automatic E-Mail on Order Status  ,8 - black,
INANFRAGE,Process Price Inquiries With Free Text,,
INANFRAGE1,Inquiry Acknowledgements ,,
INANG,Edit Offers/Quotes,,
INANGGOE,Customer Inquiry to Offer.,,
INANGSUCH,Search For Offers/Inquiries,,
INANG1,Open Offers  ,,
INANGA,Customer Addresses ,,
INANGGOENACHF,Edit Automatic Requests,8 - black,
INANGGOEP,Proceed Offer Items  ,,DO ^INANGKILL($G(YKEY))
INANGGOEPPREIS,Edit Discounts  ,8 - black,
INANGGOEPT,Offer Item Parts  ,,DO KILL^INANGGOEPT
INANGGOEPVORR,Edit Pre-Work Prices ,,
INANGGOEPWKZG,Edit Tool Prices  ,,
INANGP,Edit Offer Items  ,,
INANGPARA,Line Item Supply Groups,,
INANGPK,Item Supplier Terms,,
INANGPSP,Line Item Language Text ,,
INANGPT,Manufacturing Instructions (Lower Part) ,,
INANGPTT1,Assign Parts to an Item,,
INANGPZ,Payment Declaration/Agreement ,,
INANLIEFER,Edit Delivery Gates,,
INART,Item Master Data,,DO ^INARTKILL($G(YKEY))
INARTBITSUCH,Search Items And Services,,
INARTL,Edit Operations (Short Version)  ,,D ^INARTKILL($G(YKEY))
INARTLST,Item Master Data List (Short Form),,
INARTMAT,Item Master Data  ,,D KILL^INART
INARTQUICKEDIT,Item Master Fast Edit,,
INARTV,Edit Items (Short Version For Sales)    ,,D ^INARTKILL($G(YKEY))
INASUCH,Search For Items  ,,
INFIBART,Item Financial Parameter ,8 - black,
INRUEST,Preparation Time Catalogue,,
OBSINARTB,Item Master Data - Obsolete,,D KILL^INART
INARTA,Alternative Items ,,
INARTCHANGE,Exchange Item Part,,
INARTCHANGEHIST,Exchange Item Level Protocol  ,,
INARTCustom,Customs Duty Applied,,
INARTGROUP,Item Group To Category  ,,
INARTHIST,Item History,,
INARTHISTL,Item Location History,,
INARTHISTLANZ,Stock Changes Each Location,,
INARTIMPORT,Imported Item Data  ,,
INARTINCRE,Edit Ingredients ,,
INARTK,Item Conditions Per Supplier  ,,
INARTKCountry,Item Conditions Per Supplier Per Country,,
INARTKCountryCustom,Customs Duty Applied,,
INARTKCustom,Customs Duty Applied,,
INARTKONTRA,Additional Item Not Allowed ,,
INARTKR,Item Purchase Discount ,,
INARTLOCPAR,Item Location Parameters,,
INARTLP,Item Stock Location  ,,
INARTMAP,Drawings for Item Selection,,
INARTMAP1,Map Of Item Level  ,8 - black,
INARTNEBEN,Production By-Products,8 - black,
INARTPACK,Packing Units  ,8 - black,
INARTPARA,Edit Item Part Parameters,,
INARTPREIS,Location Dependent Prices,,
INARTPREISB,Location Dependent Prices,,
INARTPREISBE,Location Dependent Prices,,
INARTPREISBE1,Location Dependent Prices,,
INARTPREISBEPROM,Edit Promotion Prices,,
INARTPREISBEPROM2,Items for Promotion ,8 - black,
INARTPREISLOG,Price Calculation Protocol ,8 - black,
INARTR,Item Discount Tables  ,,
INARTRUNDUNG,Round Item Price  ,,
INARTSP,Item Language Texts  ,,
INARTT,Modify Item Parts,,
INARTT2,Modify Item Parts  ,,
INARTT1,Item Part Entry  ,,
INARTTV,Item sections ,,
INARTTV1,Edit Item Level  ,,
INARTTX,Edit Item Text Parameter,,
INARTUPC,Item Supplier UPC - Code,,
INARTUPC1,Item Supplier UPC - Code,,
INARTVERTR,Edit Sales Representative Groups  ,8 - black,
INARTWAEHRUNG,Prices In Other Currencies ,,
INARTXCH,Alternative Search For Items  ,,
INARTXL,Item Structure,8 - black,
INARTZUS,Additional Sales  Items ,,
INARTZUS1,Price Scale for Additional Item    ,8 - black,
INARTZUSATZ,Additional Items  ,,
INAUF,Edit Order  ,,
INAUFBUCH,Print Open Orders,,
INAUFSUCH,Search For Orders,,
INWORK,Edit Additional Operations And Costs  ,,
VARTRKOrder,TrakHealth Receipt,,
INAUFA,Customer Addresses,,
INAUFAUTO,Automatic Requisitioning ,,
INAUFAUTOD,Print Customer Automatic Orders,,
INAUFAUTOA,Customer Addresses ,,
INAUFAUTOPAY,Terms of Payment,,
INAUFAVIS,Delivery Note For Order  ,8 - black,D KILL^INAUFAVIS
INAUFDISCOUNT,Order Discounts,,
INAUFKLEBER,Label  ,,
INAUFLAYBYLINE,Layby Line Items,,
INAUFBITSUCH,Search For Line Items  ,,
INAUFP,Edit Line Items  ,,D ^INAUFKILL($G(YKEY))  ;DELETE POSITION
INAUFPSUCH,Search For Line Items  ,,
INAUFPX,Process Line Items ,,
INAUFTO,Dispatch Planning ,,
INAUFTOM2,Dispatch Planning ,,
INCATALOGITEM1,Edit Manuelle Line Items ,,
INAUFPA,Enter Order Confirmation ,,
INAUFPARA,Grouping of Line Items,,
INAUFPC,Line Item Remarks  ,,
INAUFPDISCOUNT,Line Item Discounts,,
INAUFPFAVORIT,Contact Person Favorites ,,
INAUFPIMPACT,Edit Additional Costs ,,
INAUFPINTRA,Order Item - Intrastat ,,
INAUFPK,Item Supplier Terms,,
INAUFPLA,Line Item Delivery Address  ,8 - black,
INAUFPPREISLOG,Order Price Calculation  Protocol,8 - black,
INAUFPREL,Release of Quantity  ,,
INAUFPSP,Line Item Language Text,,
INAUFPT,Manufacturing Instruction (lower part) ,,
INAUFPT0,Manufacturing Instruction ,,
INAUFPT1,Production Position (main part) ,,
INAUFPTEXTRA,Edit Extra Costs  ,,
INAUFPTEXTRAE,Edit Extra Costs  ,,
INAUFPTEXTRAV,Edit Scrap Cost  ,8 - black,
INAUFPTEXTRAW,Edit Tool Costs  ,,
INAUFPTPROTO,Stock Warning Message Protocol (PPS),,
INAUFPTT1,Item Part Entry  ,,
INAUFPTZ,Planned Work Times,,
INAUFPZ,Payment Declaration/Agreement ,,
INAUFRELEASEVOR,Edit Default For Order Suggestion List ,,
INAUSK,Enter Information Agencies,,
INAUSLIEFER,Unload Gate,,
INBANK,Bank Accounts,,
INBESTMONAT,Print Monthly Final Stock Per Item Group,,
INBESTMONAT1,Edit Monthly Final Stock Per Item Group,,
INBLZ,Edit Bank No.,,
INBMEART,Edit Item Master Data  ,,
INBMELIEFCATALT,Protocol Import ,,
INBRIEF,Edit Predefined Letters  ,,
INCALL,Edit Service Job,,
INCALLSEACH,Suchen Service,,
INCALLSEARCH,Search For Service Jobs,,
VARINCALL,Edit Service Job,,
INCALLPROJ,Edit Service Countdown  ,,
INCALLPTK,Edit Routine Log  ,,
INCALLPTKLISTE,Routine Class Protocol,,
INCALLSP,Edit Language Text  ,,
INCONTAINER,Display Container Details  ,,
INCONTAINERVERW,Edit Container Type  ,,
INCONTAINERVERWK,Edit Container Cost  ,,
INCONTAINERVERWKL,Edit Container Cost By Supplier  ,,
INCRMART,CRM Master Per Item  ,,
INCRMWG,CRM Master Per Item Group  ,,
INDAPRO,Edit Reference Parameters ,,
INDASHBOARDVORG,Dashboard Default File ,,
INDEVICE,Device Definition Barcode Reader,,
INDIMENSION,Edit Item Detailss  ,,
INDISCOUNT,Discount Types,,
INDISPATCH,Setup Route Planning,,
INDISPATCHPLAN,Planned Routes,,
INDISPATCHXREF,Loading Area Reference  ,,
INDMEIN,Process Incoming Documents  ,,
INDMSLAYOUT,Edit Form Letter Layout  ,,
INDRPARA,Edit Print Parameter,,
INDRPARAB,Edit Print Parameter,,
INDRPARABHTML,Edit HTML Print Forms,,
INDRPARAHTML,Edit HTML Print Forms,,
INDRPARARS,Edit Print Parameter,,
INDRPBESTVOR,INDRPBESTVOR,,
INDRPBESTVORSetup,Columns Setup,,
INDRPCAL,Edit Calendar Data,,
INDRPCAL1,Non Working Days  ,,
INDRPDEMAND,Edit Open Demands,,
INDRPDEMAND1,Edit Demands,,
INDRPITEM,DRP/MRP Item Master Data For Each Location,,D KILL^INDRPITEM
INDRPITEMPR,Print Location Item Master,,
INDRPITEMS,DRP/MRP Item Master Data For Each Item Group,,
INDRPITEMSPR,Printing DRP/MRP Item Master Data For Each Item Group,,
INDRPITEMT,DRP Preparation Time,8 - black,
INDRPMELDUNG,Edit Automatic DRP/MRP Messages  ,,
INDRPMESPROT,Print DRP/MRP Message Log  ,8 - black,
INDRPPARA,Edit DRP/MRP Text Parameters  ,,
INDRPPARAP,Print DRP/MRP Text Parameters  ,,
INDRPPLANNER,Edit Planner Parameters,,
INDRPPLANNERD,Print Planner Master Data,,
INDRPRUNID,Edit DRP/MRP Run IDs,,
INDRPRUNJOB,Print Process Log  ,,
INDRPRUNPROT,Print DRP/MRP Process Log,,
INDRPSUPPLY,Edit Open Supplies  ,,
VARTRKRequisitionOfConsumables,Edit Open Supplies  ,,
INDRPSYS,Edit General DRP/MRP System Parameters,,
INDRPUMBUCHL,Relocation List  ,,
VARADINDRPUMBUCHL,Relocation List  ,,
INDRPUMLKW,Internal Mode of Shipment,,
INDRPUMTOUR,Route History,8 - black,
INDRPUMTOURV,Route Planning Relocation,,
INDRPUMTVOR,Edit Relocation  ,,
INDRPUMVZW,Voice Control Temp File,,
INDRPWE,Enter Incoming Goods,,
INDRPWHSORT,Edit Rank Of DRP/MRP Runs  ,,
INEDIERROR,EDI Import Error Report,,
INERECH,Edit Supplier Invoices  ,,"do OnAfterDelete^INERECH(YKEY,YFELD)"
INERECHEDIT,Fast Edit Incoming Invoices  ,,
INERECHFAST,Fast Entry Incoming Invoice,,
INERECHS,Search Supplier Invoices ,,
INERECH1,Enter Line Item Invoice,,
INERECHA,Edit Vendor Invoices  ,,
INERECHMERKER,Enter/Edit Invoice Flags,,
INFAST,Fast Entry Inquiries (For Offers/Orders) ,,
INFAVORIT,Location Item Favorites,,
INFIBBUCH,Single Postings  ,,
INFIBBUCHHOLD,Not Transferred Postings ,,
INFIBBUCHPARA,Edit Posting Rules  ,,
INFIBCHARMATRIX,Edit Characteristic Policy,,
INFIBCUSTGROUP,Customer Group Financial Parameter,,
INFIBITEMGROUP,Item Group Financial Parameter,,
INFIBPAR,General Ledger Parameters,,
INFIBPARUST,Tax Account  ,,
INFIBSA,Account Descriptions,,
INFIBSAPR,Edit Account Profiles  ,,
INFIBSUPGROUP,Supplier Group Financial Parameter,,
INFINANCECODE,Edit Posting Key ,,
INFINANCECODE1,Characteristic Values - Language Variations,,
INForeCalc,Forecating Methods,,
INForeLine,Forecasting Rule Line,,Do Compile^INForeRule(YKEY)
INForeProc,Forecast Process,,
INForeRest,Forecast Result,,
INForeRestView,Forecast Result View,,
INForeRule,Forecasting Rule,,
INForeTest,Test Forecast Rule,,
INGARANTIE,Edit Guarantee Time,,
INGEFAHRENSTOFFE,Edit Hazardous Material,,
INGESCH,Edit General Trading Terms ,,
INGOEARBLEIST,Edit Hourly Wage,8 - black,
INGOENKWERK,Statistical Cost Tool  ,8 - black,DO ^INGOENKWERKKILL
INGOENKWERKL,Edit Statistical Cost Performance  ,8 - black,
INGOEPRODHIST,Product History  ,,
INGOEQSM,Edit Sampling  ,,
INGOEVKLEIST,Edit Variable Cost  ,8 - black,
INGOEVKTEIL,Pre-calculation of Parts  ,,DO ^INGOEVKTEILKILL
INGOEVKTEILLEIST,Edit Resources  ,,
INGOEVKTEILMAT,Edit Material Input  ,,
INGOEVKWERK,Pre-calculation For Tooling,8 - black,DO ^INGOEVKWERKKILL
INGOEVKWERKL,Edit Cost Estimating Performance  ,8 - black,
INKALK,Edit Item Group Price Calculation ,,
INKALKART,Edit Item Price Calculation,,
INKALKPREIS,Edit Price Relations,,
INKOND,Enter Payment Terms,,
INKOSTL,Edit Cost Centres,,
INKSTL,Account and Cost Centre Allocations for Item Groups  ,,
INKSTL1,Account and Cost Centre Allocations for Assortments  ,,
INKSTLUST,Account and Cost Centre Allocations for Item Groups  ,,
INKUECH,Enter Food Plan,,
INFIBKUNDE,Customer Financial Parameter ,,
INKSUCH,Customer Search ,,
INKUNDE,Customer Master Data,,D KILL^INKUNDE($G(YKEY))  ;LÖSCHEN UNTERDATEIEN
INKUNDESPERR,Closed Customers,,
INKUNDEA,Customer  Addresses ,,
INKUNDEANFR,Edit Customer Inquiries,,
INKUNDEANFRSTA,Inquiry List  ,,
INKUNDEANFRQ,Offer Requests after Quotes  ,,
INKUNDEARTSPERR,Customer Disabled Items ,,
INKUNDEB,Customer Bonuses ,,
INKUNDED,Advertising Contacts ,,
INKUNDEKONT,Customer Contact List,,
INKUNDEFAVORIT,Customer Item Favorites ,,
INKUNDEK,Customer Group Terms ,,
INKUNDEKONTO,Kundendachkonten,,
INKUNDEKR,Customer Item Group Discount  ,,
INKUNDEKST,Kundenkostenstellen,,
INKUNDELIEF,Customers - Suppliers ,,
INKUNDELOC,Location Search Sequence    ,,
INKUNDEP,Customer Special Prices ,,
INKUNDEPR,Customer Item Discount ,,
INKUNDERFID,Zuordnen RFID zu Artikeln,8 - black,
INFIBLIEF,Supplier Financial Parameter ,,
INLIEF,Supplier Master Data  ,,DO ^INLIEFKILL($G(YKEY))
INLIEFKRZ,Supplier Brief List,,
INLSUCH,Search Suppliers ,,
INLIEFA,Supplier Addresses ,,
INLIEFB,Supplier Bonus  ,,
INLIEFCAT,Supplier Catalog ,,
INLIEFCATGROUP,Catalog Group ,,
INLIEFD,Advertising Contacts ,,
INLIEFK,Item Group Conditions,,
INLIEFKOND,Supplier Condition List,,
INLIEFKD,Category of Commodity Terms Starting from Date ,,
INLIMIT,Edit Budget Open To Buy,,
INLIZ,Enter Software Licenses,,
INLIZDR,Print Software Licenses,,
INLOCLEAD,Location Lead Time  ,,
INLOT,Batch Number  ,,
INLOYALTY,Edit Loyalty Points ,,
INLOYALTYSALE,Loyalty Shipping Order  ,8 - black,
INFIBLP,Stock Location Financial Parameter ,,
INLP,Edit Stock Location,,
INLPCHIP,Show RFID  ,,
INLPCHIPSETUP,Setup Card Reader,,
INLPLAYOUT,Edit Location Layout  ,,D DELETE1^INLPLAYOUT
INLPLAYOUTA,Edit Location Layout  ,,
INLPLAYOUTP,Edit Stock Location Parameters  ,,
INLPLAYOUTSAVE,Stock Location Setup  ,,
INLPLAYOUTSAVEA,Stock Location Setup  ,,
INLXW,Pallet Parameter,,
INLXWD,Print Pallet Locations,,
INLXZ,Pallet Movement (In / Out / Move)  ,,D ^INLXD
INMAHNUNG,Edit Dunning Conditions (Without GL),,
INMAIL,Incoming E-Mails  ,,
INMAILJOB,Send E-Mails  ,8 - black,
INMASCH,Machine Master Data,,
INMASCHD,Print Machine Master Data,,
INMATERIAL,Edit Material Type,,
INMIETE,Cost of Insurance ,,
INPALMLOCATION,POS Table Allocation  ,,
INPALMTABLE,POS Table  ,,
INPARA,Edit User Parameters  ,,
INPARAD,Print User Parameters,,
INPARARC,Adjustment Reason Codes,,
INGEMPARTN,Contacts,8 - black,
INPARTN,Contacts,,
INPARTNFAVORIT,Contact Person Favorites ,,
INPLANAGRAM,Eding Corporate Planagram ,,
INPLANAGRAMSTART,Eding Corporate Planagram ,,
INPLANAGRAMITM,Planagram Item ,,
INPLANAGRAMQTY,Maximum Quantity Exceeded ,,
INPLANAGRAMSET,Planagram Set Information ,,
INPLANAGRAMSETSTART,Planagram Set,,
INPLANAGRAMSETITM,Planagram Set Item ,,
INPLANAGRAMSETSEC,Planagram Set Section ,,
INPLANAGRAMSTORE,Edit Planagram Set Customer ,,
INPLANAGRAMSTOREMOD,Planagram Customer Modification ,,
INPLZ,Enter Postal Zip Code Parameters,,
INPROADJ,Change Available Working Hours  ,,
INPRODAUER,Modify Project Data,8 - black,
INPROJECT,Edit Projects  ,,
INPROJECT1,Projects  ,,
INPROJECTANG,Projects  ,,
INPROJECTTEAM,Project Worker  ,,
INPROJPARA,Project Parameter,,
INPRONEST,Enter Work Groups,,
INPROPJOB1,Production Planning Start/Stop Protocol  ,8 - black,
INPROSTEMP,Print Open Productions,,
INPROSTEMP0,Processing Step History ,,
INPROSTEMP1,Historic Production Information,,
INPROV,Enter Commission Payment Reference,,
INPROVART,Enter Commission Type,8 - black,
INPSHTML,Edit Price Tag Parameter,,
INQANDA,Edit Questions and Answers  ,,
INQMGRUPPE,Edit QC Group  ,,
INQPRUEF,Edit Quality Parameter,,
INRAHMEN,Edit Suppliers Master Contracts  ,8 - black,
INRAHMENGROUP,Item Group Conditions,,
INRAHMENGROUPLIEF,Supplier Item Groups ,,
INRAHMENK,Edit Customer Master Contracts ,8 - black,
INREASONCODE,Reason Codes,,
INREBUCH,Sales Invoice Ledger,,
INREC,Supplier Receipt,,do AfterDelete^INREC(YKEY)
INRECReverse,Supplier Receipt Reversal,,do AfterDelete^INRECReverse(YKEY)
INRECTFR,Transfer Receipt,,
INRECCharge,Supplier Charge Lines,,
INRECLine,Receipt Line,,do OnAfterDelete^INRECLine(YKEY)
INRECReverseLine,Receipt Line,,do AfterDelete^INRECReverseLine(YFELD)
INRECTFRLine,Receipt Line,,
INREPLRULE,Edit Rules  ,,
INREPLRULESUB,Add Rule  ,,
INREPLSYS,System Variable Parameter  ,,
INREPLSYSPARA,Function Parameter  ,,
INReqToSupOrder,Match Requisition to Purchase Orders,,do OnAfterDelete^INReqToSupOrder(YKEY)
INReqToSupOrderLine,,,
INRESERVIERT,Allocation of Customer Order to Purchase Order ,,
INRESERVIERT1,List of Reserved Items,,
INRFID,RFID Masterfile  ,,
INRFIDT,RFID Allocation  ,,
INRFIDT1,Item Part Entry  ,,
INGEMRMA,RMA (Return Material Authorisation),8 - black,
INRMA,Supplier-RMA / Supplier Returns,,
INRMALIEFPTK,Printed Returns ,,
INSALESADJUST,Sales Adjustments,,
INSCH,Edit Debtor Bank File,,
INSCHL,Edit Bank Debit File  ,,
INSCHLVW,Key Administration,,
INSCHLVWD,Print Key List,,
INSHIPINFO,Edit Import Shipments,,
INSHIPINFOCON,Import Container,,
INSHIPINFOCOSTS,Edit Import Costs  ,,
INSNHIST,Print Serial No. History,,
INSNHIST1,Serial Number History  ,,
INSOADLI,Print Other Addresses,,
INSOADR,Enter Other Addresses,,
INSPED,Edit Internal Traffic Master Data,,
INSPEDTOUR,Edit Route Parameter  ,,
INSTAT2,Create Statistics ,,
INSTEUERGRUND,Edit Tax Notice Text ,,
INStockVal,Stock Values by Location,,
INStockValAdjust,Stock Value Adjustment,,
INStockValAdjustPre,Stock Value Adjustment Pre Post Information,,
INSUPBuyingDiscount,Edit Buying Discounts/Surcharges,,
INSUPDiscount,Discounts,,
INSYSLOG,System Protocol  ,,
INTCPIP,Enter IP Numbers,,
INTCPIPDR,Print IP Number List,,
INTELEG,TEST FORMULA Grid,,
INTELEL,TEST FORMULA List Generator,,
INTELES,TEST FORMULA Search,,
TEST_TELEFONNUMMER,,8 - black,
INTFR,Transfer Order,,
INTFRLine,Transfer Order Line,,
INTFRPickLine,Transfer Order Pick Line,,
INTOUR,Route Data ,,
INTOURPACK1,Edit Packing By Tour ,,
INTRANSPACK,Edit Production Packing  ,,
INTRANSPORT,Edit Transportation Cost,,
INULART,Customer/Item Master Maintenance  ,,
INULINVBALS,Affiliate Inventory Balances Download  ,,
INULITMMAST,Affiliate Item Master Data Download  ,,
INULPING,Last Communications Date  ,,
INULPURORDS,Affiliate P.O. Download  ,,
INULSALEHST,Affiliate Sales History Download  ,,
INULSU,Customer Supplier File  ,8 - black,
INULUM,Customer Unit of Measure Maintenance  ,,
INUSER,Program Run Variables ,8 - black,
INVERBAND,Edit Association Master Data,,
INVERBANDK,Customer Group Terms ,,
INVERBANDKUN,Edit Association Customer Data,8 - black,
INVERPACK,Edit Packing Cost,,
INVERPVOR,Edit Delivery Rules,,
INVERSICH,Edit Cost Of Insurance,,
INVKVW,Sales Activity,,
INVKVWL,List of Advertising Campaigns,,
INVKVW1,Contents and Costs of Advertising Campaign,,
INVKVWL1,Sales Promotion List  ,,
INVKVW6,Media Master Data,,
INVOBOX,Voice Controll Box,,
INVODEVICE,Voice Control Device Setup ,,
INVOICELOCK,Voice Control Lock Table ,,
INVOICELOG,Voice Control Task Log,,
INVOICETASK,Voice Control Task Definition ,,
INVOICETASKWFD,Voice Task Workflow Action ,,
INVOICETEST,Voice Control Short Cuts ,,
INVOPERATOR,Voice Control Operator Parameter ,,
INVOREGION,Voice Control Region Parameters ,,
INVORG,Edit General Parameters  ,8 - black,
INVORGB,General Location Parameters,,
INVORGLANG,Language Parameters,8 - black,
INVOSIGNOFF1,Change Sign Off ,,
INVOSTATISTIC,Voice Control Statistic ,,
INVOSYSTEM,Voice Control System Parameter ,,
INBESTLIST,Inventory List,,
INWE,Edit Items On Stock  ,,
INWE1,Goods Relocation  ,,
INWE2,Goods Misalignment ,,
INWELIST,Check List Inventory  ,,
INWEPDA,Edit Items On Stock  ,,
INWERETOUR,Goods Relocation  ,,
INWEAUF,Enter Incoming Goods ,,
INWEAUF2,Redirection of Order Continuance   ,,
INWEAUFALT,Incoming Goods,,
INWEAUFPT,Remove from Stock  ,,
INWEAUFALTS,Job Serial Number,,
INWEAUFS,Job Serial Number,,DO SNHIST^INWEAUF(1)
INWEAUFVOR,Enter Incoming Goods ,,
INWEBUCH,List Incoming Goods,,
INWEINB,Enter Inventory Valuation,,
INWEINBD,Print Valuation List,,
INWEINCYCLE,Cycle Counting,,DO ^INWEINCYCLEKILL
INWEINVE,Process Stocktaking ,,
INWEINVE1,Process Stocktaking ,,
INWEINVELINE,Process Stocktaking ,,
INWEINVEHeader,Edit Stocktake Count,,
INWEINVP,Inventory Date,,
INWEMERKER,Edit Incoming Goods Flags,,
INWER,Reserved Items,,
INWERBADR,Marketing Company Master Data,,DO ^INWERBKILL($G(YKEY))
INWERBADRL,Marketing Master Data List,,
INWERBADRTEST,Marketing Company Master Data,,DO ^INWERBKILL($G(YKEY))
INWERBKON,Marketing Addresses By Contact,,DO ^INWERBKILL($G(YKEY))
INWERBADR1,Advertising Contacts ,,
INWERBKON1,Advertising Contacts   ,,
INWERBKONT,Print Contact List  ,,
INWERBFRAGE,Ask-catalog,,
INWERBFRAGE1,Edit Marketing Questions,,
INWERBKONVL,Advertising Contacts ,,
INWERBKONVOR,Create Telephone And Visitor List  ,,
INWERBTX,Enter Slogans,,
INWERBWVPARA,Edit Reminder Parameter,8 - black,
INWERKZEUG,Edit Tools  ,,
INWERKZEUG1,Display Tools  ,,
INWES,Stock Serial Numbers,,DO SNARTHIST^INWEAUF(1)
INWF,Edit Workflow  ,,
INWFF,Workflow Sequence  ,,
INWFLOW,Edit Order Workflow  ,,
INWFABLAUF,Workflow Protocol  ,,
INWFZW,Workflow File,,
INXGANTT,Edit Gantt Chart  ,,
INXGANTT1,Data Field Chart  ,,
INXGANTT2,Edit Table Header ,,
INZOLL1,Show Tariff Message ,,
INZOLLBETAUS,Edit Company Related Customs Defaults (Export),,
INZOLLBETEIN,Edit Company Related Customs Defaults (Import),,
INZOLLSATZ,Edit Tariff Rate,,
INZOLLVORG,General Customs Master Data  ,,
INZUSCHLAG,Edit Special Surcharge,,
LWCustomer,Customer Maintenance,8 - black,
LWOrder,Edit Order  ,,
LWOrderLine,Order Line,,
LWProject,,,
LWStaff,,,
LWTimesheet,,,
LWTSEntry,,,
AEPPurchaseRequisitionStatus,Purchase Requisition Status,,
AEPSaleOffer,Sale Offer Form,,
AEPSaleOfferLine,Sale Offer Line Item,,
AEPSYSDCM,Data Control,,
PhilTest,PhilTest,,
INCALLI,Information from Sales ,,
REPBatch,Report Batches,,
REPBatchHistory,Report Batch History,,
REPBatchLine,Batch Line Detail,,
REPBatchLineParam,Reporting Batch Line Parameters,,
REPCheque,Cheques,,
REPChequeSegment,Segment,,
REPChequeSegmentTable,Table,,
REPChequeSegmentTableCol,Columns,,
REPChequeSegmentTableData,Data,,
REPCodePage,Code Pages,,
REPParameter,Report Parameters,,
REPParameterJS,Report Parameter Javascript,,
REPParameterLang,Parameter Languages,,
REPPDFSetup,Report Setup Options,8 - black,
REPRep,Report Setup,,
REPRepButton,Report Buttons for Report,,
REPRepCell,Report Cell,,
REPRepGrid,Report Grid,8 - black,
REPRepInp,Report Inputs,,
REPRepLevel,,8 - black,
REPReport,Report Definition,,
REPReportLang,Report Languages,,
REPSavedReports,Reports,,do RemoveOldReports^REP(0)
REPSetup,Report Setup,,
REPSystem,System Settings,,
REPTemp,Report Template,8 - black,
REPTEMP4659493,Location Details,,
REPTEMP8062885,Location Details,,
REPTempButton,Report Buttons for Template,,
REPTempData,Report Data Type,,
REPTempFld,Report Fields for Template,,
REPTempInp,Report Inputs for Template,,
REPTempLevel,Report Level for Template,,
REPTempLevelRep,Level Repeat Options,,
REPTranslation,Report Translations,,
REPTranslationField,Report Translation Fields,,
REPView,View Definition,,do OnAfterDelete^REPView(YKEY)
REPViewField,View Fields,,
REPViewFieldCalc,Calculated View Fields,,
REPWriter,Report Writers,,
SALAccount,Sales Account Definitions,,do OnAfterDelete^SALAccount(YKEY)
SALAccountText,,,
SALAddress,,,
SALAQOH,,,
SALATP,,,
SALAuthorisationCode,Authorisation Code Definition,,
SALButtonEnabled,Button Enabled Code List,,
SALClocking,,,
SALClockingMgr,,,
SALCreditNote,Credit Notes,,
SALCSTButton,C Store Button,,
SALCSTButtonSecurity,ButtonSecurity,,
SALCSTButtonText,C Store Button Text,,
SALCSTCat,Category,,
SALCSTCatPLU,Category Products,,
SALCSTCustomerInvoice,Open Customer Invoice for Edit,,
SALCSTForm,Form Template,,
SALCSTFunction,Template Functions,,
SALCSTFunctionSecurity,Function Security,,
SALCSTGrid,Grid Template,,
SALCSTGridButton,Grid_Template,,
SALCSTGridCol,Grid Columns,,
SALCSTGridColText,Grid Column Language Conversion,,
SALCSTGridColType,Grid Column Types,,
SALCSTGridText,,,
SALCSTHold,Held Sales,,
SALCSTMenuContent,Menu Contents,,
SALCSTMenuContentText,Menu Content Language Conversion,,
SALCSTMenuHeader,Primary Menu Items,,
SALCSTMenuHeaderText,Menu Header Language Converison,,
SALCSTSaleLine,C Store Sale Lines,,
SALCSTScanCode,Scan ASCII Codes,,
SALCSTSecurity,Security Overrides,,
SALCSTSegment,C Store Segment Layouts,,
SALCSTSegmentLayer,Segment Layers,,
SALCSTSegmentLayerText,Segment Layer Language Text,,
SALCSTSegmentText,Segment Language Conversion,,
SALCSTShipUnit,Shippable Units,,
SALCSTStyleSheet,Template Button Style Sheets,,
SALCSTTemplate,Sale Templates,,do DeleteTemplate^SALCSTTemplate(YKEY)
SALCustomer,Sales Customer File,,
SALCustomerShipTo,Sales Customer File,,
SALCustomerInvoice,Customer Invoices,,
SALCustomerOrderLine,,,
SALDiscount,Discount Types,8 - black,
SALGLProfileCode,Profile Codes for Sale,,
SALCategory,Sales Category Information,,
SALHelp,Help - System Usage,,
SALINFOCommand,Information Button Command,,
SALINTAccount,Sales Accounts,,
SALKeyword,Keyword Search,8 - black,
SALKeywordSetup,Keyword Setups,,
SALLayby,Laybys,,
SALLaybyHistory,Layby History Lines,,
SALLaybyLine,Layby Lines,,
SALLaybyPayment,Layby Payments,,
SALLayByRelease,,,
SALLocationRule,Location Rules,8 - black,
SALSystemRule,System Rules,8 - black,
SALLogo,Sales Logo,,
SALLoyaltyProgram,Loyalty Programs,,
SALLoyaltyProgramExceptions,,,
SALOrderLineSearch,Order Line Search,,
SALOrderSearch,Order Search for Customer %1,,
SALPayment,Payment Types,,
SALPhoneBook,Phone Book,,
SALPOSLocation,POS Locations,,do RemoveOldRules^SALLocationRule()
SALPrinter,Network Printers,,
SALPrinterType,Printer Types,,
SALProduct,Product Search,,
SALProductAlternate,Alternate Products,,
SALProductComplementary,,,
SALPromotion,Promotions,,
SALPromotionProduct,Products for promotion,,
SALPromotionRule,Promotion Rules,,
SALQuantityBreakSearch,,,
SALQuote,Sale Quote Cache,,
SALReasonCode,Reason Codes,,
SALReservedHotKey,Reserved Hot Keys,,
SALReturnAuthority,Return Authority,,
SALRoster,Default Rosters,,
SALRule,Sale Rule Definitions,,do RemoveOldRules^SALLocationRule()
SALRuleDefault,Default Rules,8 - black,
SALRuleText,Sales Rule Language Conversion,,
SALRuleType,Rule Types,8 - black,
SALRuleTypeText,Rule Type Language Conversion,,
SALSaleHeader,Sale Details,,
SALSaleLine,Sale Lines,,
SALSaleProduct,Sales History - Product,,
SALSaleLineProperties,Line properties to be displayed for line type,,
SALSaleLost,Lost Sales,,
SALSubAccount,Sub Account Definitions,,
SALTillRecCount,Check Till Count,,
SALTillRecCountFilter,Check Till Count Filter,,
SALTillRecPost,Post Till Reconciliation,,
SALTimesheet,Timesheet,,
SALUserRoster,Default Roster for Users,,
SALVoucher,Redeemable Vouchers,,
SALVoucherCode,Voucher Codes,,
SALVoucherType,Voucher Code Setup,,
SCHTest,SCHTest,,
SCHTestLine,SCHTestLine,,
STKBarcodeRelation,Field Relations,,
STKBarcodeSetup,Label Design,,
STKBarcodeSetupField,Label Fields,,
STKBarcodeType,Label Types,,
STKPrintItemBarcode,Edit Print Line Items,,
STKTransfer,Stock Transfers,,
STKTransferCompanyRule,Stock Transfer Company Rules,,
STKTransferLine,Lines for Transfer,,
STKTransferLocationRule,Stock Transfer Location Rules,,
STKTransferUserRule,Stock Transfer User Rules,,
TERMINAUF,Processes date or task  ,,
TERMINF,single Date   ,,
TERMINRM,single Date   ,,
TERMIN1,Address Database,,
TERMIN8,default,,
TERMIN81,default,,
TERMIN9,holiday,,
TERMINMAIL,Personal E-Mail Directory  ,,
TERMINPLAN,Date Planning ,,
TERMINPLANSUCH,Display Time Scheduling  ,,
TEST1,Test Sortkey1  ,,
Test2,My Test number 2,,
TestDB,Dave's test,8 - black,
Testing,Testing for Sean,,
TESTMUSSF,Authorisation_Code_Definition,,
TESTSR,Test,,
TSComparison,Comparison,,
TSComparisonStatus,Comparison Status,,
TSCompTransStatus,Component Translation Status,,
TSCompTransToDo,Component Translation To Do,,
TSTranslationMap,Translation Map,,
TSTranslationSettingsUI,Translation Settings,,
TSClassTranslationStatus,Translation/Revision Status for CLASS/Language,,
TSClassTranslationToDo,To Do List for each form at each language,,
TSCompareNamespacesConfig,Configuring the Classes,,
TSCompareNamespacesLog,Log of all changes,,
TSFormTranslationStatus,Translation/Revision Status for Form/Language,,
TSFormTranslationToDo,To Do List for each form in each language,,
TSRegisteredGlobalCompare,Registered Global Compare,,
VARINCALLLine,Service Request Lines,,
VARTRKReceipt,Temporary receipt lines (multiline) (TrakHealth),,
VIEW.Reports.COMLocationData,Location Details,,
VIEWCOMLocationData,Location Details,,
VIEWFINARInv,Finance Customer Invoices,,
VIEWFINGLBankReconHeader,Bank Recon Header Data,,
VIEWFINGLPeriodTotal,Ledger Period Totals,,
VIEWINAUF,Order Header,,
VIEWINAUFP,Order Line,,
VIEWINAUFRELEASEVOR,Order Suggestion List Defaults,,
VIEWINStockHistory,Stock History (By Item Group),,
VIEWINTFR,Interwarehouse Transfers,,
VIEWINTFRPickLine,Interwarehouse Transfer Picked Lines,,
VIEWINWE,Goods on hand,,
VIEWINWEAUF,Goods Receipt,,
VIEWINWEAUFOld,Goods Receipt,,
VIEWVARFINAPPositivePay,Positive Pay,,
WFAction,Workflow Action,,
WFDoc,Workflow Document,,
WFDocType,Document Type,,
WFState,Workflow State,,
WWW000,Routine Editor,,
WWW001,Create Classes,,D ^WWWDLOE
WWW0011,Class/Language Definition,,
WWW0013,Sort Index Name  ,,
WWW001B,Bit Map Index  ,,
WWW001BD,Bit Map Index  ,,
WWW001VARHooks,Client Callbacks,,
WWW001XML,Transmit Modifications To,,
WWW002,Create Primary Keys,,
WWW0021,Primary Key Language Text,,
WWW0022,Primary Key Relation Filters,,
WWW002D,Property Name Primary Key ,,
WWW003,Data Items,,
WWW0031,Data Item Language Text,,
WWW0032,Data Field Relation Filters,,
WWW003Calc,Calculated Fields,,
WWW003CalcLang,Calculated Field Translations,,
WWW003D,Property Name Datafields,,
WWW004,Create User Menu,,
WWWSMA,Search For Form Names,,
WWW0041,Menu Description Language,,
WWW00411,Main Menu Translation  ,,
WWW0044,Edit Program Entitlements,,
WWW00441,Set  Program Entitlements ,,
WWW00442,Button Entitlement,,
WWW00444,Tab Entitlement,,
WWW004X,Create Company Menu    ,,
WWW006,Delete Lock File  ,,
AEPLanguageTexts,AEP Language Texts,,
COMLanguage,COM Language Text,8 - black,
CSTLanguage,Language Text,8 - black,
FINLanguage,Financial Language Text,,
REPLangText,Reporting Language Text,,
SALLanguage,Language Text,8 - black,
STKLanguage,Stock Control Language Text,,
TSWWW009,Edit Language Text,,
WWW009,Edit Language Text,,
WWW012,Edit General Company Parameter,,
WWW120A,Valid Until  ,,
SALLocation,Locations,8 - black,
WWW0121,Company Specifications,,
WWW0121C,Edit Locations,,
WWW0124,Edit Departments,,
WWW0125,Valuable Until  ,,
WWW012E,Exchange Project Name In Code  ,,
WWW012V,Valid Until  ,,
WWW013,Employee Master Data,,
WWW013D,Print Employee Master Data,,
WWW013GH,Print Pay Roll,,
WWW0132,User Menu ,,
TERMIN3,group,,
WWW0133,Information  ,,
WWW013G,Wages,,
WWW013URL,Employee Leave File  ,8 - black,
WWW013ZB,Time Correction,,
TSWWW100,Edit System Parameter,,
WWW100,Edit System Parameter,,
WWW100D,Print System Parameter,,
WWW101,Edit Application Parameter    ,,
WWW101D,Print Application Parameter  ,,
WWW101C,Edit Parameters  ,,
WWW102,Edit Application Parameter    ,,
WWW120,Create Forms And Listings,,K VORG D ^WWWFLOE
WWWWIZ,form-wizard  ,,
WWW1201,Form Name Languages,,
WWW1203,Tab Pictures    ,,
WWW1203D,Tab Pictures Customisation,,
WWW1205B,Statistics,,
WWW120D,Customizing Form Name  ,,
WWW120D1,Company Dependent Form Defaults,,
WWW121,Edit Primary Keys,,
WWW1210,Option Items,,
WWW1211,Other Language Option Text ,,
WWW121D,Company Dependent Defaults (Customizing Primary Keys),,
WWW121D1,Customize Language  ,,
WWW122,Form Data Fields ,,D ^WWW122D($G(YKEY))
WWW1221,Manual Language Text   ,,
WWW122D,Company Dependent Defaults (Customizing Per Field),,
WWW122D1,Customizing Language  ,,
WWW122D2,Customizing Rules  ,,
WWW123,Data Record Search,,
WWW1231,Search display of data fields,,
WWW1232,Search display of data fields,,
WWW124,Button Database,,
WWW124D,Custom Buttons,,
WWW1251,sort and option items,,
WWW126,key defaults,,
WWW1264,Recent Documents,,
WWW127,form help database,,
WWW1271,Program Area Texts,,
WWW128,Edit Numerator,,
WWW1280,Edit Numerator,,
WWW129,JavaScript primary key,,
WWW1291,JavaScript,,
WWW131,listings database,,
WWW132,List Primary Key  ,,
WWW133,List Data Fields  ,,
WWWAMDEFINPUT,Enter Input Definition,8 - black,"I $G(YKEY)'="" K ^WWWAMDEFINPUTE(0,YKEY)"
WWWAMDEFINPUTE,Input Events  ,,
WWWAMDEFPAGE,Enter Page Definition,,
WWWAMDEFSYS,Application Parameter ,,
WWWAMDEFSYSM,Application Start Action  ,,
WWWAMDEFTAG,Enter Tag Definition,,"I $G(YKEY)'="" K ^WWWAMDEFTAGE(0,YKEY)"
WWWAMDEFTAGE,Tag Event  ,,
WWWAMHTML,Enter HTML Code,8 - black,
WWWAMINFO,Info Pages,,
WWWANM,write mailings  ,,
WWWANS,e-mail answering,,
WWWANSR,e-mail answer rules,,
WWWBENCH,Form Benchmark  ,,
WWWBITSEARCH1,Edit Search Alternatives,,
WWWBITSEARCH2,Search Name Part ,,
WWWCAL1,Edit Calendar Defaults,,
WWWCHECKHTML,Executes For Check On HTML Start,,
WWWCLASSCALC,Calculated Fields ,,
WWWCLASSMETH,Class Method ,,
WWWCODE,Edit Special Code  ,,
WWWCONVERT,File Conversion  ,,
WWWCONVERT1,Field Confersion  ,,
WWWCONVERT2,Conversion Table,,
WWWDIR,directory,,
WWWDMEU1,data items  ,,
WWWDRAGDROP,Create Charts  ,,
WWWDRAGDROPD,Datafield Chart  ,,
WWWEDU,Edit Training Sessions    ,,
WWWEDUSP,Training Parameters Language Text Class  ,,
WWWENCODE,URL Encode Table,,
WWWEP,Edit Entry Points,,
WWWERROR,Event Protocol  ,,
WWWERROR1,,,
WWWFLD,folder,,
WWWFOOL,Print Faulty Logins  ,,
WWWGEB,Birthday-mail  ,,
WWWGEBM,Personal Reminder Mail  ,,
WWWGUIDEF,Table Definition  ,,
WWWGUIDEFS,Table Column Definition  ,,
WWWHTML,Edit HTML Forms,,
WWWIMPOPROFIL,Import Profile ,,
WWWINFORM,Information  ,,
WWWKALENDER,Edit Calendar And Holidays,,DO KILL^WWWKALENDER
WWWKEY,Edit Licence Key  ,,
WWWKURS,Exchange Rate  ,,
WWWLAST,Last Mod,,
WWWLOGIN,Print Login Table  ,,
WWWLOGIN1,Login File  ,,
WWWPDA,PDA Device  ,8 - black,
WWWPIC,Statistic Values  ,8 - black,
WWWPRINTER,Printer Definition,,
WWWPRINTERESC,Printer Code,,
WWWPRINTING,Print Line Definition,,
PKTest,Test,,
WWWRES,Reserved SQL Words,,
WWWRM,Rooms  ,,
WWWRM1,Room availability  ,,
WWWSORTKEY,Reload Sort Keys Automatically  ,,
WWWSQL,Edit SQL Lists  ,,
WWWSTRUKTUR,Define Structures for Search Displays,,
WWWSYSTEM,Edit Customer Systems  ,,
WWWSYSTEM1,Edit Programs  ,,
WWWSystemSetup,Edit System Setup,,
WWWTAG,Edit Auto Executes,,
WWWUMLAU,Character Translate,,
WWWUploadDirectory,Upload Directories,,
WWWUSERPARA,Edit User Parameters  ,,
WWWVERSION,Program Version  ,8 - black,
WWWWAE,Edit Currencies,,
WWWWAEDATE,Currency By Date ,,
WWWWV1,Reminders,,
zzJoe,Temp joe,,
zzPHILSCLASS,,,
